tamanho,threads,tempo,cache miss,speedup,eficiencia
40000,1,1.9728,1118460.4,1.0000,1.0000
40000,2,0.9978,261475.2,1.9771,0.9886
40000,4,0.6639,287415.6,2.9715,0.7429
40000,8,0.52666,204544.2,3.7459,0.4682
40000,12,0.76676,184864.2,2.5729,0.2144
