col0;col1;col2;col3
40000.0;1.0;1.9728;1118460.4
40000.0;2.0;0.9978;261475.2
40000.0;4.0;0.6639;287415.6
40000.0;8.0;0.52666;204544.2
40000.0;12.0;0.76676;184864.2
